Incident ID,Year,Month,Day,Country Code,Country,Region,District,City,UN,INGO,ICRC,NRCS and IFRC,NNGO,Other,Nationals killed,Nationals wounded,Nationals kidnapped,Total nationals,Internationals killed,Internationals wounded,Internationals kidnapped,Total internationals,Total killed,Total wounded,Total kidnapped,Total affected,Gender Male,Gender Female,Gender Unknown,Means of attack,Attack context,Location,Latitude,Longitude,Motive,Actor type,Actor name,Details,Verified,Source
9,1997,6.0,17.0,RW,Rwanda,Northern,Musanze,Ruhengeri,1,0,0.0,0.0,0.0,0,1,0,0,1,0,0,0,0,1,0,0,1,0,0,1,Shooting,Detention,Unknown,-1.49984,29.63497,Political,Unknown,Unknown,"1 UN national staff shot and killed in Ruhengeri June 17. Arrested by soldiers on 9 June 1997. The mutilated body was found in the bush near Ruhengeri town, on 13 June and had been tortured and shot through the head.",Archived,Archived
10,1997,6.0,19.0,RW,Rwanda,Northern,Musanze,"Ruhengeri, Kigombe",1,0,0.0,0.0,0.0,0,1,0,0,1,0,0,0,0,1,0,0,1,1,0,0,Shooting,Raid,Home,-1.49984,29.63497,Political,Unknown,Unknown,"1 UN national staff driver was shot and killed in Ruhengeri along with his wife, their son aged 7 and their daughter aged 6. They were shot through the windows of their house in Kigombe.",Archived,Archived
14,1997,6.0,19.0,SO,Somalia,Lower Juba,Kismayo,,0,1,0.0,0.0,0.0,0,1,0,0,1,0,0,0,0,1,0,0,1,1,0,0,Unknown,Ambush,Road,-0.36667,42.53333,Political,Non-state armed group: Regional,Al-Itihaad al-Islamiya,1 INGO driver killed by Al Ittihad militia in Kismayo on June 19.,Archived,Archived
13,1997,6.0,20.0,SO,Somalia,Bay,Baydhaba,,0,1,0.0,0.0,0.0,0,0,0,0,0,1,0,0,1,1,0,0,1,1,0,0,Shooting,Individual attack,Project site,3.1199508,43.6444625,Incidental,Unknown,Unknown,1 INGO international staffer (Portuguese) shot in Baidoa hospital apparently in revenge for shooter's brother who died in his care.,Archived,Archived
16,1997,7.0,,,Chechnya,,,,0,1,0.0,0.0,0.0,0,1,0,0,1,0,0,0,0,1,0,0,1,0,0,1,Unknown,Individual attack,Home,43.3976147,45.6985005,Unknown,Unknown,Unknown,1 INGO local staffer killed in home attack.,Archived,Archived
17,1997,7.0,,,Chechnya,,,,0,2,0.0,0.0,0.0,0,0,0,0,0,0,0,2,2,0,0,2,2,1,1,0,Kidnapping,Unknown,Unknown,43.3976147,45.6985005,Political,Unknown,Unknown,2 INGO international (British) staff kidnapped. Released 15 months later after ransom paid.,Archived,Archived
18,1997,7.0,,,Chechnya,Ingushetia,Nazranovsky,Nazran,0,1,0.0,0.0,0.0,0,0,0,0,0,0,0,1,1,0,0,1,1,1,0,0,Kidnapping,Unknown,Unknown,43.25,45.83333,Political,Unknown,Unknown,1 INGO international staff kidnapped in Nazran and held 3.6 months before escaping.,Archived,Archived
19,1997,7.0,,SO,Somalia,Bakool,Tiyeeglow,,0,0,0.0,0.0,0.0,1,0,0,0,0,0,0,1,1,0,0,1,1,1,0,0,Kidnapping,Unknown,Unknown,4.01897,44.51112,Economic,Staff member,Security guard,1 donor agency international staff official kidnapped by his security guards at Teyeglow. Escaped two days later.,Archived,Archived
15,1997,7.0,17.0,BD,Bangladesh,Narayanganj,Siddhirganj,,1,0,0.0,0.0,0.0,0,1,0,0,1,0,0,0,0,1,0,0,1,1,0,0,Shooting,Individual attack,Unknown,23.61352,90.50298,Unknown,Unknown,Unknown,"1 UN national staff shot and killed in Siddhirganj, July 17.",Archived,Archived
20,1997,8.0,,SO,Somalia,Lower Juba,Kismayo,,0,2,0.0,0.0,0.0,0,2,0,0,2,0,0,0,0,2,0,0,2,0,2,0,Unknown,Individual attack,Unknown,-0.36667,42.53333,Incidental,Non-state armed group: Subnational,Clan,2 INGO national nurses running a health clinic killed in apparent clan-related revenge killing in Kismayo.,Archived,Archived
21,1997,8.0,,,Chechnya,Dagestan,,,0,4,0.0,0.0,0.0,0,0,0,0,0,0,0,4,4,0,0,4,4,4,0,0,Kidnapping,Unknown,Unknown,43.0574916,47.1332224,Political,Unknown,Unknown,4 INGO international staff (French) kidnapped in Dagestan and held 3.5 months. Ransom negotiated by French govt.,Archived,Archived
23,1997,9.0,,SO,Somalia,Banadir,Banadir,Mogadishu,1,0,0.0,0.0,0.0,0,0,0,1,1,0,0,0,0,0,0,1,1,0,0,1,Kidnapping,Unknown,Unknown,2.033333,45.35,Economic,Unknown,Unknown,1 UN national staff kidnapped in Mogadishu over FFW project dispute.,Archived,Archived
24,1997,9.0,,SS,South Sudan,Central Equatoria,Juba,Juba,1,0,0.0,0.0,0.0,0,1,0,0,1,0,0,0,0,1,0,0,1,1,0,0,Shooting,Individual attack,Unknown,4.824871,31.607858,Unknown,Unknown,Unknown,1 UN national staff shot and killed in Juba.,Archived,Archived
22,1997,9.0,24.0,ET,Ethiopia,Jarar,Daror,Ogaden,2,0,0.0,0.0,0.0,0,2,0,0,2,0,0,0,0,2,0,0,2,1,0,1,Shooting,Individual attack,Unknown,8.53056,44.795,Economic,Unknown,Unknown,2 UN national staffers shot dead in apparent robbery attempt in Ogaden region Sept 24.,Archived,Archived
25,1997,10.0,,AO,Angola,,,,1,0,0.0,0.0,0.0,0,1,0,0,1,0,0,0,0,1,0,0,1,1,0,0,Unknown,Ambush,Road,-11.8775768,17.5691241,Unknown,Unknown,Unknown,1 UN national staff driver killed in ambush.,Archived,Archived
26,1997,10.0,,RW,Rwanda,,,,1,0,0.0,0.0,0.0,0,1,0,0,1,0,0,0,0,1,0,0,1,1,0,0,Unknown,Ambush,Road,-1.9646631,30.0644358,Political,Unknown,Unknown,1 UN national staff driver killed in ambush.,Archived,Archived
28,1997,10.0,,AO,Angola,,,,0,2,0.0,0.0,0.0,0,0,0,0,0,2,0,0,2,2,0,0,2,2,0,0,Unknown,Ambush,Unknown,-11.8775768,17.5691241,Unknown,Unknown,Unknown,2 INGO international (German and Zimbabwean) staff killed in ambush.,Archived,Archived
27,1997,10.0,18.0,AF,Afghanistan,Balkh,Mazar-e Sharif,Mazar-e Sharif (200km W of city on Anchoy-Shibirgan road),0,0,1.0,0.0,0.0,0,1,0,0,1,0,0,0,0,1,0,0,1,1,0,0,Shooting,Combat/Crossfire,Road,36.70904,67.11087,Incidental,Unknown,Unknown,1 ICRC national staff killed by stray bullet when three ICRC cars caught in crossfire Anchoy-Shibirgan road 200 kilometres west of Mazar-i-Sharif on Oct 18.,Archived,Archived
29,1997,10.0,23.0,,Chechnya,Grozny,Grozny,Grozny,0,2,0.0,0.0,0.0,0,0,0,0,0,0,0,2,2,0,0,2,2,2,0,0,Kidnapping,Unknown,Unknown,43.3278775,45.6762535,Political,Unknown,Unknown,2 INGO international (Hungarian) staff kidnapped in Grozny on Oct 23 and held for 9 months. Severe abuse (mutilations). Ransom paid by Hungarian govt.,Archived,Archived
31,1997,11.0,,CG,Congo,,,,0,0,3.0,0.0,0.0,0,1,2,0,3,0,0,0,0,1,2,0,3,0,0,3,Unknown,Ambush,Unknown,-1.44,15.556,Unknown,Unknown,Unknown,"1 ICRC national staff killed and 2 wounded in ambush.
",Archived,Archived
30,1997,11.0,22.0,SO,Somalia,,,,4,0,0.0,0.0,0.0,0,0,0,4,4,0,0,0,0,0,0,4,4,0,0,4,Kidnapping,Unknown,Unknown,8.3676771,49.083416,Economic,Unknown,Unknown,3 UN national staff (from two agencies) and 1 from another UN body abducted by gunmen on Nov 22 and released the next day. Involved a charcoal trade dispute.,Yes,Focal Point
32,1997,11.0,26.0,SO,Somalia,Middle Shabelle,Balcad,Deganlei,0,3,0.0,0.0,0.0,0,0,0,1,1,0,0,2,2,0,0,3,3,2,1,0,Kidnapping,Raid,Office/compound,2.270978,45.334654,Political,Unaffiliated,Not applicable,"2 INGO international staff (1 male 1 female, Italian) and 1 male national staff were kidnapped after 1-hour armed attack on base in Deganlei on Nov 26. Organized by Mogadishu businessman who had a trade dispute with the then Vice Governor of Balad, Mohamed Abshir.",Archived,Archived
34,1997,12.0,,TJ,Tajikistan,,,,0,2,0.0,0.0,0.0,0,0,0,0,0,1,0,1,2,1,0,1,2,1,1,0,Kidnap-killing,Individual attack,Unknown,38.6281733,70.8156541,Unknown,Unknown,Unknown,"2 INGO international staff (of two different organizations) kidnapped. One victim was fatally wounded when her abductors set off a grenade to kill themselves and their hostage. The other victim was rescued, unharmed.",Archived,Media
33,1997,12.0,17.0,,Chechnya,,,,0,5,0.0,0.0,0.0,0,0,0,0,0,0,0,5,5,0,0,5,5,5,0,0,Kidnapping,Unknown,Unknown,43.3976147,45.6985005,Unknown,Unknown,Unknown,5 INGO international (Polish) staff kidnapped by 15 armed men on Dec 17.,Archived,Media
62,1998,,,BI,Burundi,,,,0,1,0.0,0.0,0.0,0,1,0,0,1,0,0,0,0,1,0,0,1,1,0,0,Unknown,Unknown,Home,-3.3634357,29.8870575,Economic,Unknown,Unknown,1 INGO national staff killed in armed robbery on a team house. Month unknown.,Archived,Archived
37,1998,1.0,,LK,Sri Lanka,Northern,Vavuniya,Vavuniya,0,0,1.0,0.0,0.0,0,1,0,0,1,0,0,0,0,1,0,0,1,1,0,0,Unknown,Raid,Project site,8.7593439,80.4999646,Economic,Unknown,Unknown,"1 ICRC national staff murdered when working as a night watchman at the ICRC sub-delegation in Vavuniya, when the sub-delegation",Archived,Archived
38,1998,1.0,,CD,DR Congo,,,,0,0,1.0,0.0,0.0,0,1,0,0,1,0,0,0,0,1,0,0,1,1,0,0,Unknown,Ambush,Road,-2.9814344,23.8222636,Unknown,Unknown,Unknown,1 ICRC national staff driver killed in ambush.,Archived,Archived
36,1998,1.0,29.0,,Chechnya,North Ossetia,,,2,0,0.0,0.0,0.0,0,0,1,0,1,0,0,1,1,0,1,1,2,2,0,0,Kidnapping,Unknown,Unknown,43.0,44.25,Political,Unknown,Unknown,1 UN international (French) staff kidnapped and 1 UN national staff driver beaten at gunpoint in N. Ossetia on Jan 29.,Archived,Archived
42,1998,3.0,,RW,Rwanda,,,,0,3,0.0,0.0,0.0,0,3,0,0,3,0,0,0,0,3,0,0,3,0,0,3,Unknown,Raid,Project site,-1.9646631,30.0644358,Political,Unknown,Unknown,3 INGO staff killed in armed assault on camp (presumed here to be national staff).,Archived,Archived
40,1998,3.0,6.0,UG,Uganda,,,,1,0,0.0,0.0,0.0,0,1,0,0,1,0,0,0,0,1,0,0,1,1,0,0,Unknown,Unknown,Unknown,1.5333554,32.2166578,Unknown,Unknown,Unknown,1 UN national staff killed March 6.,Archived,Archived
39,1998,3.0,22.0,SL,Sierra Leone,Eastern,Kailahun,Segbwema,0,0,1.0,0.0,0.0,0,1,0,0,1,0,0,0,0,1,0,0,1,1,0,0,Shooting,Combat/Crossfire,Unknown,7.9967363,-10.9495705,Incidental,Non-state armed group: National,Armed Forces Revolutionary Council (AFRC),"1 ICRC national staff member (and his son) killed during killed in an exchange of fire between ECOMOG and the AFRC/RUF near Segbwema.
",Archived,Archived
44,1998,4.0,,SD,Sudan,,,,0,1,0.0,0.0,0.0,0,1,0,0,1,0,0,0,0,1,0,0,1,0,0,1,Aerial bombardment,Unknown,Project site,14.5844444,29.4917691,Incidental,Unknown,Unknown,1 INGO national staff killed in hospital bombing.,Archived,Archived
45,1998,4.0,,BI,Burundi,Bujumbura Mairie,Bujumbura,Bujumbura,0,1,0.0,0.0,0.0,0,0,0,0,0,1,0,0,1,1,0,0,1,1,0,0,Unknown,Ambush,Unknown,-3.3239046,29.3206183,Economic,Unknown,Unknown,"1 INGO international staff ambushed and killed by bandits in Bujumbura, April 22.",Archived,Archived
43,1998,4.0,15.0,SO,Somalia,Banadir,Banadir,Mogadishu,0,0,7.0,3.0,0.0,0,0,0,1,1,0,0,9,9,0,0,10,10,2,0,8,Kidnapping,Ambush,Road,2.033333,45.35,Political,Non-state armed group: National,Unknown,"9 internationals and 1 national working for ICRC/IFRC kidnapped as their aircraft landed in Mogadishu (5 ICRC internationals, 2 IFRC delegates, 1 national RC worker kidnapped along with 2 pilots (labelled here as ICRC)). The victims were a Somali, an American, a South African.
",Archived,Archived
48,1998,6.0,,BI,Burundi,Bujumbura Mairie,Bujumbura,Bujumbura,0,1,0.0,0.0,0.0,0,0,0,0,0,1,0,0,1,1,0,0,1,0,0,1,Unknown,Ambush,Unknown,-3.3239046,29.3206183,Economic,Unknown,Unknown,1 INGO international (Danish) staff killed by car thieves in Bujumbura.,Archived,Archived
46,1998,6.0,9.0,SD,Sudan,South Kordofan,,,2,0,0.0,4.0,0.0,0,3,3,0,6,0,0,0,0,3,3,0,6,3,0,3,Shooting,Ambush,Road,11.0,31.0,Political,Unknown,Unknown,"2 UN national staff killed along with 1 national RC worker were killed when gunmen fired on a UN vehicle in South Kordofan June 9 (3 other RC workers wounded).
",Archived,Archived
47,1998,6.0,25.0,ET,Ethiopia,Korahe,Bodaley,Between Gode and Degeh Bur,0,0,6.0,0.0,0.0,0,0,0,0,0,0,0,6,6,0,0,6,6,1,0,5,Kidnapping,Ambush,Road,7.0,44.0,Political,Non-state armed group: Regional,Al-Itihaad al-Islamiya,"6 ICRC international staff (1 Swiss, 5 Somali) abducted when travelling from Gode to Degeh Bur in three marked vehicles on June 25. On July 3 the Islamic group al-Ittihad al-Islami claimed responsibility, stating that the hostages were under investigation.",Archived,Archived
50,1998,7.0,,SO,Somalia,,,,7,0,0.0,0.0,0.0,0,2,5,0,7,0,0,0,0,2,5,0,7,0,0,7,Unknown,Ambush,Road,8.3676771,49.083416,Unknown,Unknown,Unknown,2 UN national staff killed and 5 wounded when convoy attacked.,Archived,Archived
49,1998,7.0,8.0,UG,Uganda,,,,1,0,0.0,0.0,0.0,0,1,0,0,1,0,0,0,0,1,0,0,1,1,0,0,Unknown,Ambush,Road,1.5333554,32.2166578,Political,Non-state armed group: Subnational,Uganda National Rescue Front,1 UN national staff killed in ambush by guerrillas from the Uganda National Rescue Front II on July 8. Vehicle also robbed and blown up.,Archived,Archived
53,1998,7.0,11.0,BI,Burundi,Bubanza,Gihanga,"Gihanga Commune, RN 9",0,2,0.0,0.0,0.0,0,2,0,0,2,0,0,0,0,2,0,0,2,1,1,0,Unknown,Raid,Project site,-3.11667,29.4,Unknown,Unknown,Unknown,2 INGO national staff killed in ambush on RN 9 in Bubanza's Gihanga commune July 11.,Archived,Archived
51,1998,7.0,13.0,AF,Afghanistan,Nangarhar,Jalalabad,Jalalabad,2,0,0.0,0.0,0.0,0,2,0,0,2,0,0,0,0,2,0,0,2,2,0,0,Kidnap-killing,Unknown,Unknown,34.430247,70.448678,Unknown,Unknown,Unknown,"2 UN national staff from different agencies kidnapped in or near Jalalabad on July 13 and later found dead.
",Archived,Archived
52,1998,7.0,24.0,BI,Burundi,Bujumbura Mairie,Bujumbura,Bujumbura,1,0,0.0,0.0,0.0,0,0,0,0,0,1,0,0,1,1,0,0,1,1,0,0,Unknown,Individual attack,Unknown,-3.3239046,29.3206183,Unknown,Unknown,Unknown,1 UN international staffer killed in Bujumbura on July 24.,Archived,Archived
54,1998,8.0,,AF,Afghanistan,,,,1,0,0.0,0.0,0.0,0,1,0,0,1,0,0,0,0,1,0,0,1,1,0,0,Shooting,Combat/Crossfire,Unknown,33.93911,67.709953,Incidental,Non-state armed group: National,Taliban,1 UN national staff killed while fleeing advancing Taliban forces. Discovered Nov 27.,Archived,Archived
55,1998,8.0,,XK,Kosovo,,,,0,0,0.0,0.0,3.0,0,3,0,0,3,0,0,0,0,3,0,0,3,0,0,3,Unknown,Individual attack,Road,42.56231965,20.9060579,Political,Unknown,Unknown,3 NGO national staff killed while delivering INGO parcels.,Archived,Archived
56,1998,9.0,,XK,Kosovo,,,,0,0,4.0,0.0,0.0,0,1,2,0,3,0,1,0,1,1,3,0,4,1,0,3,Landmine ,Ambush,Road,42.56231965,20.9060579,Incidental,Unknown,Unknown,"1 ICRC male national staff killed and 3 ICRC (1 international New Zealand, 2 nationals) staff wounded when ICRC car hit landmine.",Archived,Archived
57,1998,9.0,,SO,Somalia,Banadir,Banadir,Mogadishu,0,1,0.0,0.0,0.0,0,0,0,0,0,0,0,1,1,0,0,1,1,0,1,0,Kidnapping,Unknown,Unknown,2.033333,45.35,Unknown,Unknown,Unknown,1 INGO international (Italian) staff working at an INGO run hospital kidnapped and held for several days.,Archived,Archived
59,1998,11.0,,AO,Angola,,,,3,0,0.0,0.0,0.0,0,2,1,0,3,0,0,0,0,2,1,0,3,0,0,3,Unknown,Ambush,Road,-11.8775768,17.5691241,Unknown,Unknown,Unknown,2 UN national staff killed and 1 wounded in convoy ambush.,Archived,Archived
58,1998,11.0,14.0,AO,Angola,Bie,Kuito,,1,0,0.0,0.0,0.0,0,1,0,0,1,0,0,0,0,1,0,0,1,1,0,0,Shooting,Raid,Office/compound,-12.3830189,16.9423833,Unknown,Unknown,Unknown,1 UN national staff shot and killed while guarding warehouse in Kuito on Nov 14.,Archived,Archived
60,1998,12.0,,AO,Angola,,,,0,1,0.0,0.0,0.0,0,1,0,0,1,0,0,0,0,1,0,0,1,0,1,0,Unknown,Individual attack,Unknown,-11.8775768,17.5691241,Unknown,Unknown,Unknown,1 INGO national female staff killed.,Archived,Archived
64,1999,1.0,,SO,Somalia,Banadir,Banadir,"Mogadishu, Lenin Road",0,2,0.0,0.0,0.0,0,2,0,0,2,0,0,0,0,2,0,0,2,2,0,0,Unknown,Ambush,Road,2.11667,45.4,Political,Unknown,Unknown,"2 INGO national staff killed in ambush in south Mogadishu, Lenin Road. Not clear if the attack aimed at the organization",Archived,Archived
65,1999,1.0,,SL,Sierra Leone,,,,0,1,0.0,0.0,0.0,0,1,0,0,1,0,0,0,0,1,0,0,1,0,0,1,Unknown,Individual attack,Home,8.6400349,-11.8400269,Unknown,Unknown,Unknown,1 INGO national staff killed in house attack.,Archived,Archived
66,1999,1.0,,SO,Somalia,Gedo,,,0,1,0.0,0.0,0.0,0,0,0,0,0,1,0,0,1,1,0,0,1,1,0,0,Shooting,Unknown,Unknown,3.0,42.0,Economic,Unknown,Unknown,1 NGO international (Kenyan) staff shot dead in Gede region. Incident possibly stemmed from a labour dispute.,Archived,Archived
67,1999,1.0,,YE,Yemen,,,,0,4,0.0,0.0,0.0,0,0,0,0,0,0,0,4,4,0,0,4,4,2,2,0,Kidnapping,Raid,Unknown,16.3471243,47.8915271,Unknown,Non-state armed group: Subnational,Armed tribesmen,"4 INGO international (2 British, 2 Dutch) staff kidnapped by armed tribesmen and later released.",Archived,Archived
63,1999,1.0,2.0,AO,Angola,,,,1,0,0.0,0.0,0.0,0,1,0,0,1,0,0,0,0,1,0,0,1,0,0,1,Shelling,Unknown,Road,-11.8775768,17.5691241,Unknown,Unknown,Unknown,1 UN national staff killed when MONUA chartered plane shot down Jan 2.,Archived,Archived
68,1999,2.0,18.0,SD,Sudan,Unity,Rubkona,Bentiu,0,0,2.0,4.0,0.0,0,4,0,0,4,0,0,2,2,4,0,2,6,0,0,6,Kidnap-killing,Unknown,Unknown,9.26,29.8,Political,Unknown,Unknown,"2 ICRC international (Swiss) staff and 4 national RC workers kidnapped. Swiss released in March, Sudanese killed April.
",Archived,Archived
69,1999,3.0,,SO,Somalia,Lower Juba,Badhaadhe,Ras Kambooni,1,0,0.0,0.0,0.0,0,0,0,0,0,1,0,0,1,1,0,0,1,1,0,0,Body-borne IED,Individual attack,Project site,-1.03471,41.49756,Political,Non-state armed group: Regional,Al-Itihaad al-Islamiya,"1 INGO international staff killed in Ras Kambooni, lower Juba, while meeting with elders. Suspected to be carried out by Al-Ittihad militia.",Archived,Archived
70,1999,4.0,,AF,Afghanistan,,,,0,0,1.0,0.0,0.0,0,1,0,0,1,0,0,0,0,1,0,0,1,1,0,0,Aerial bombardment,Unknown,Unknown,33.93911,67.709953,Incidental,State: unknown,Not applicable,1 ICRC national staff killed in air raid.,Archived,Archived
71,1999,4.0,,SO,Somalia,,,,0,1,0.0,0.0,0.0,0,0,0,0,0,0,0,1,1,0,0,1,1,0,0,1,Kidnapping,Unknown,Unknown,8.3676771,49.083416,Economic,Unknown,Unknown,1 INGO international (Italian) staff kidnapped for ransom and released with ransom unpaid.,Archived,Archived
73,1999,4.0,,ET,Ethiopia,,,,0,1,0.0,0.0,0.0,0,0,0,0,0,0,0,1,1,0,0,1,1,0,0,1,Kidnapping,Unknown,Unknown,9.145,40.489673,Unknown,Unknown,Unknown,1 INGO international (French) staff kidnapped and later released,Archived,Archived
72,1999,4.0,14.0,AO,Angola,,,,0,5,0.0,0.0,0.0,0,5,0,0,5,0,0,0,0,5,0,0,5,0,0,5,Unknown,Ambush,Road,-11.8775768,17.5691241,Unknown,Unknown,Unknown,5 INGO and NGOs national staff killed in ambush April 14.,Archived,Archived
74,1999,5.0,,SD,Sudan,,,,3,0,0.0,0.0,0.0,0,1,2,0,3,0,0,0,0,1,2,0,3,3,0,0,Unknown,Raid,Road,14.5844444,29.4917691,Unknown,Unknown,Unknown,1 UN national staff killed and 2 wounded when relief barge on Nile in Sudan was attacked.,Archived,Archived
75,1999,5.0,15.0,,Chechnya,Kabardino-Balkaria,,,0,0,1.0,0.0,0.0,0,0,0,0,0,0,0,1,1,0,0,1,1,1,0,0,Kidnapping,Unknown,Unknown,43.4428286,43.4204809,Unknown,Unknown,Unknown,1 ICRC international staff kidnapped in Kabardino-Balkaria May 15. Released July 19.,Archived,Archived
76,1999,6.0,,BI,Burundi,Baki,,,1,0,0.0,0.0,0.0,0,0,1,0,1,0,0,0,0,0,1,0,1,0,0,1,Shooting,Unknown,Unknown,-3.3634357,29.8870575,Political,Non-state armed group: National,Interahamwe,1 UN national staff injured when vehicle shot at by the suspected militant Hutu group Interahamwe.,Archived,Archived
77,1999,6.0,,SO,Somalia,Awdal,Baki,,2,0,0.0,0.0,0.0,0,0,0,2,2,0,0,0,0,0,0,2,2,0,0,2,Kidnapping,Unknown,Unknown,10.2950001,43.56610996,Unknown,Non-state armed group: Subnational,Militia,"2 UN national staff kidnapped by militia in Baki, released after intervention by UN and authorities.",Archived,Archived
78,1999,6.0,,AO,Angola,Bengo,Icolo e Bengo,Barraca,0,4,0.0,0.0,0.0,0,2,2,0,4,0,0,0,0,2,2,0,4,1,0,3,Unknown,Raid,Project site,-9.1842148,13.9624111,Political,Non-state armed group: National,National Union for the Total Independence of Angola,"2 INGO national staff killed and 2 wounded when ambushed by armed men wearing UNITA uniforms during polio eradication campaign in Barraca, Bengo Province.",Archived,Archived
79,1999,6.0,,AO,Angola,Uige,,,0,2,0.0,0.0,0.0,0,2,0,0,2,0,0,0,0,2,0,0,2,0,0,2,Unknown,Ambush,Road,-7.6117323,15.0563515,Unknown,Unknown,Unknown,2 INGO national staff killed when 80-truck convoy was ambushed in the north Angolan province of Uije including some aid vehicles June 16. Approximately 60 dead or missing including 54 civilians.,Archived,Archived
80,1999,7.0,24.0,BI,Burundi,Bujumbura Mairie,Bujumbura,Bujumbura,1,0,0.0,0.0,0.0,0,0,0,0,0,1,0,0,1,1,0,0,1,0,0,1,Unknown,Unknown,Unknown,-3.3239046,29.3206183,Unknown,Unknown,Unknown,1 UN international (Italian) staff killed in Bujumbura July 24.,Archived,Archived
82,1999,8.0,,ID,Indonesia,East Timor,,,0,1,0.0,0.0,0.0,0,1,0,0,1,0,0,0,0,1,0,0,1,1,0,0,Unknown,Unknown,Unknown,0.85,123.78333,Unknown,Unknown,Unknown,1 INGO national staff found murdered in E. Timor.,Archived,Archived
81,1999,8.0,4.0,SL,Sierra Leone,,,,2,0,0.0,0.0,0.0,0,0,0,0,0,0,0,2,2,0,0,2,2,0,0,2,Kidnapping,Unknown,Unknown,8.6400349,-11.8400269,Political,Non-state armed group: National,Armed Forces Revolutionary Council (AFRC),2 UN international staff among 33 from UN group kidnapped by AFRC faction Aug 4 and released Aug 11.,Archived,Archived
83,1999,8.0,11.0,LR,Liberia,Lofa,Kolahun,Kolahun,0,6,0.0,0.0,0.0,0,0,0,0,0,0,0,6,6,0,0,6,6,4,2,0,Kidnapping,Unknown,Unknown,8.28694,-10.08444,Unknown,Unknown,Unknown,"6 INGO international (4 British, 1 Norwegian, 1 Italian) staff kidnapped in Kolahun Aug 11. Released unharmed 2 days later.",Archived,Archived
86,1999,9.0,14.0,SO,Somalia,Gedo,Garbahaarey,Garbahaarey,0,1,0.0,0.0,0.0,0,1,0,0,1,0,0,0,0,1,0,0,1,1,0,0,Unknown,Combat/Crossfire,Unknown,3.325005,42.2205319,Incidental,Non-state armed group: Subnational,Unknown,1 INGO national staff was killed in attack in Somalia on Sept 14. The victim was among 10 people killed when rival factions fought for the control of the southern town Garbaharey.,Archived,Archived
84,1999,9.0,15.0,SO,Somalia,,,,1,0,0.0,0.0,0.0,0,1,0,0,1,0,0,0,0,1,0,0,1,1,0,0,Shooting,Ambush,Road,8.3676771,49.083416,Unknown,Unknown,Unknown,1 UN national staff killed in road shooting Sept 15-16.,Archived,Archived
85,1999,9.0,16.0,AO,Angola,,,,1,0,0.0,0.0,0.0,0,1,0,0,1,0,0,0,0,1,0,0,1,0,0,1,Unknown,Ambush,Road,-11.8775768,17.5691241,Unknown,Unknown,Unknown,1 UN national staff killed when convoy attacked Sept 16.,Archived,Archived
87,1999,10.0,,BI,Burundi,,,,3,0,0.0,0.0,0.0,0,0,1,0,1,2,0,0,2,2,1,0,3,0,0,3,Unknown,Ambush,Unknown,-3.3634357,29.8870575,Unknown,Unknown,Unknown,"1 UN national staff wounded, 2 internationals killed (1 Chilean, 1 Dutch) and others escaped unharmed during ambush of joint UN assessment team.",Archived,Archived
88,1999,10.0,,,Chechnya,,,,0,0,0.0,3.0,0.0,0,2,1,0,3,0,0,0,0,2,1,0,3,0,0,3,Aerial bombardment,Ambush,Road,43.3976147,45.6985005,Unknown,State: unknown,Not applicable,"2 RC national staff killed and 1 wounded in aerial bombardment of humanitarian convoy.
",Archived,Archived
90,1999,10.0,,SO,Somalia,Middle Shabelle,Jowhar,,0,1,0.0,0.0,0.0,0,1,0,0,1,0,0,0,0,1,0,0,1,1,0,0,Shooting,Unknown,Project site,2.46513,45.19062,Unknown,Unknown,Unknown,1 INGO national killed outside hospital in Jowhar. Gunman killed later.,Archived,Archived
89,1999,10.0,7.0,TJ,Tajikistan,,,,0,1,0.0,0.0,0.0,0,0,0,0,0,1,0,0,1,1,0,0,1,0,0,1,Unknown,Individual attack,Unknown,38.6281733,70.8156541,Unknown,Unknown,Unknown,1 INGO international staffer killed Oct 7.,Archived,Archived
91,1999,11.0,,KE,Kenya,Nairobi,Nairobi,Nairobi,1,0,0.0,0.0,0.0,0,1,0,0,1,0,0,0,0,1,0,0,1,1,0,0,Unknown,Individual attack,Home,-1.256975,36.803277,Unknown,Unknown,Unknown,1 UN national staff security officer killed in his home in Nairobi.,Archived,Media
93,1999,11.0,,ID,Indonesia,Aceh,Banda Aceh,Banda Aceh,0,0,0.0,0.0,6.0,0,0,6,0,6,0,0,0,0,0,6,0,6,0,0,6,Bodily assault,Detention,Custody,5.5528455,95.3192908,Political,Unknown,Unknown,6 NGO national staff arrested and tortured in Aceh.,Archived,Archived
92,1999,11.0,10.0,CO,Colombia,,,,0,0,1.0,0.0,0.0,0,0,0,0,0,0,0,1,1,0,0,1,1,0,0,1,Kidnapping,Unknown,Unknown,2.8930783,-73.7845072,Unknown,Unknown,Unknown,1 ICRC international (British) staff kidnapped Nov 10 and released unharmed Nov 14.,Archived,Archived
96,2000,1.0,,SO,Somalia,,,,0,0,1.0,0.0,0.0,0,0,1,0,1,0,0,0,0,0,1,0,1,1,0,0,Shooting,Ambush,Road,8.3676771,49.083416,Unknown,Unknown,Unknown,1 ICRC national staff shot and wounded when returning from a relief distribution.,Archived,Archived
98,2000,1.0,,SO,Somalia,Banadir,Banadir,Mogadishu (near),0,1,0.0,0.0,0.0,0,1,0,0,1,0,0,0,0,1,0,0,1,1,0,0,Shooting,Ambush,Road,2.03711,45.34375,Unknown,Unknown,Unknown,1 INGO national staff killed during an ambush north of Mogadishu.,Archived,Archived
100,2000,1.0,,SO,Somalia,Lower Shabelle,Sablaale,Sablaale,0,2,0.0,0.0,0.0,0,2,0,0,2,0,0,0,0,2,0,0,2,0,0,2,Unknown,Raid,Office/compound,1.8427539,44.5937239,Unknown,Unknown,Unknown,2 INGO national staff killed in attack on office in Sablale.,Archived,Archived
101,2000,1.0,,SD,Sudan,,,,0,8,0.0,0.0,0.0,0,7,0,0,7,1,0,0,1,8,0,0,8,0,0,8,Unknown,Ambush,Road,14.5844444,29.4917691,Unknown,Unknown,Unknown,"8 INGO staff (7 national, 1 international) killed  in attack on vehicle.",Archived,Archived
102,2000,1.0,,AO,Angola,Huila,Quilengues,Quilengues,0,5,0.0,0.0,0.0,0,3,2,0,5,0,0,0,0,3,2,0,5,0,0,5,Unknown,Ambush,Road,-14.06667,14.08333,Unknown,Unknown,Unknown,3 INGO national staff killed and 2 wounded in ambush near the town of Quilengues.,Archived,Archived
97,2000,1.0,8.0,SD,Sudan,Unity,,,0,2,0.0,0.0,0.0,0,2,0,0,2,0,0,0,0,2,0,0,2,0,0,2,Unknown,Ambush,Unknown,8.927721,29.788925,Unknown,Unknown,Unknown,"2 INGO national staff were killed in an ambush by armed rebels in Al Wahdah State on Jan 8. They were on the road travelling from Bentiu to Mayom when the attack occurred. Reportedly, the team was heading to the Mayom to open a health center.",Archived,Archived
95,2000,1.0,10.0,MZ,Mozambique,Maputo,Maputo City,Maputo,1,0,0.0,0.0,0.0,0,1,0,0,1,0,0,0,0,1,0,0,1,1,0,0,Shooting,Individual attack,Unknown,-25.9662133,32.5674498,Unknown,Unknown,Unknown,1 UN national staff shot and killed in Maputo on Jan 10.,Archived,Archived
99,2000,1.0,28.0,SO,Somalia,,,,0,5,0.0,0.0,0.0,0,5,0,0,5,0,0,0,0,5,0,0,5,5,0,0,Unknown,Ambush,Road,8.3676771,49.083416,Unknown,Unknown,Unknown,5 INGO national staff killed in attack on aid convoy on Jan 28.,Archived,Archived
103,2000,2.0,,ET,Ethiopia,,,,0,2,0.0,0.0,0.0,0,1,0,0,1,0,1,0,1,1,1,0,2,0,0,2,Unknown,Ambush,Road,9.145,40.489673,Unknown,Unknown,Unknown,1 INGO national staff killed and 1 international staff wounded when vehicle ambushed.,Archived,Archived
104,2000,2.0,22.0,KE,Kenya,Nairobi,Nairobi,Nairobi,0,0,0.0,0.0,0.0,1,0,0,0,0,1,0,0,1,1,0,0,1,1,0,0,Shooting,Individual attack,Unknown,-1.256975,36.803277,Unknown,Unknown,Unknown,"1 IFI international (Netherlands) staff shot and killed in Nairobi, Feb 22.",Archived,Archived
107,2000,3.0,,SD,Sudan,,,,0,1,0.0,0.0,0.0,0,1,0,0,1,0,0,0,0,1,0,0,1,1,0,0,Unknown,Ambush,Unknown,14.5844444,29.4917691,Unknown,Unknown,Unknown,1 INGO national staff killed in ambush.,Archived,Archived
105,2000,3.0,4.0,RW,Rwanda,Kigali,Kigali,Kigali,1,0,0.0,0.0,0.0,0,0,0,0,0,1,0,0,1,1,0,0,1,1,0,0,Shooting,Ambush,Road,-1.9508511,30.0615075,Unknown,Unknown,Unknown,"1 UN international (Liberian) staff shot and killed by unknown assailant while sitting in their car in Kigali, March 4.",Archived,Archived
106,2000,3.0,8.0,XK,Kosovo,Pristina,Pristina,Pristina,1,0,0.0,0.0,0.0,0,1,0,0,1,0,0,0,0,1,0,0,1,1,0,0,Shooting,Unknown,Unknown,42.6371194,21.1300415,Unknown,Unknown,Unknown,1 UN national staff shot and killed in Pristina March 8.,Archived,Archived
109,2000,4.0,,CD,DR Congo,Ituri,Bunia,Bunia,0,2,0.0,0.0,0.0,0,0,0,2,2,0,0,0,0,0,0,2,2,0,0,2,Kidnapping,Ambush,Road,1.566667,30.25,Unknown,Unknown,Unknown,"2 INGO national staff hijacked in Bunia, Ituri by militia and forced to transport weapons. Led to organization's withdrawal from province.",Archived,Archived
108,2000,4.0,4.0,CD,DR Congo,South Kivu,Uvira,Uvira,0,1,0.0,0.0,0.0,0,1,0,0,1,0,0,0,0,1,0,0,1,1,0,0,Shooting,Unknown,Unknown,-3.4055866,29.1375509,Unknown,Unknown,Unknown,"1 INGO national staff shot and killed in Uvira, April 4.",Archived,Archived
110,2000,4.0,15.0,SO,Somalia,Lower Shabelle,Baraawe,Barawa-Marka Road,0,2,0.0,0.0,0.0,0,1,1,0,2,0,0,0,0,1,1,0,2,0,0,2,Unknown,Ambush,Road,1.8427539,44.5937239,Unknown,Unknown,Unknown,1 INGO national staff killed and 1 wounded in ambush in Brava-Merka Roa on April 15.,Archived,Archived
111,2000,5.0,,AF,Afghanistan,,,,1,0,0.0,0.0,0.0,0,1,0,0,1,0,0,0,0,1,0,0,1,0,0,1,Aerial bombardment,Unknown,Unknown,33.93911,67.709953,Incidental,State: unknown,Not applicable,1 UN national staff killed in bombardment,Archived,Archived
112,2000,5.0,,AO,Angola,,,,1,0,0.0,0.0,0.0,0,1,0,0,1,0,0,0,0,1,0,0,1,0,0,1,Unknown,Ambush,Road,-11.8775768,17.5691241,Unknown,Unknown,Unknown,1 UN national staff killed when convoy attacked.,Archived,Archived
113,2000,5.0,,SL,Sierra Leone,Southern,Bonthe,,0,1,0.0,0.0,0.0,0,0,0,0,0,0,0,1,1,0,0,1,1,1,0,0,Kidnapping,Unknown,Unknown,7.5272741,-12.5019545,Unknown,Unknown,Unknown,I INGO international (British) staff kidnapped and released six weeks later.,Archived,Archived
114,2000,5.0,3.0,SO,Somalia,Banadir,Banadir,Mogadishu,0,1,0.0,0.0,0.0,0,1,0,0,1,0,0,0,0,1,0,0,1,0,0,1,Shooting,Individual attack,Unknown,2.033333,45.35,Unknown,Unknown,Unknown,"1 INGO national staff shot and killed in Mogadishu, May 3.",Archived,Archived
116,2000,6.0,,SO,Somalia,,,,0,1,0.0,0.0,0.0,0,0,0,0,0,1,0,0,1,1,0,0,1,1,0,0,Bodily assault,Ambush,Unknown,8.3676771,49.083416,Incidental,Unaffiliated,Not applicable,1 international agency international (German) staff stabbed to death in car reportedly by deranged man.,Archived,Archived
117,2000,6.0,,IQ,Iraq,Baghdad,,,8,0,0.0,0.0,0.0,0,1,6,0,7,1,0,0,1,2,6,0,8,8,0,0,Shooting,Raid,Office/compound,33.3024248,44.3787992,Unknown,Unknown,Unknown,"1 UN international staff killed, 1 national killed, and 6 nationals wounded by a gunman in two-hour standoff at UN Baghdad HQ.",Archived,Archived
115,2000,6.0,10.0,AO,Angola,,,,1,0,0.0,0.0,0.0,0,1,0,0,1,0,0,0,0,1,0,0,1,1,0,0,Unknown,Unknown,Unknown,-11.8775768,17.5691241,Unknown,Unknown,Unknown,"1 UN national staff killed in Angola, June 10.",Archived,Archived
118,2000,7.0,,SO,Somalia,,,,1,0,0.0,0.0,0.0,0,0,1,0,1,0,0,0,0,0,1,0,1,1,0,0,Shooting,Ambush,Road,8.3676771,49.083416,Economic,Unknown,Unknown,"UN national staff, Dr. Salad Osoble, shot and wounded on road to Mogadishu by bandits.",Archived,Archived
119,2000,7.0,9.0,CD,DR Congo,,,,0,2,0.0,0.0,0.0,0,0,1,0,1,0,1,0,1,0,2,0,2,1,0,1,Unknown,Ambush,Unknown,-2.9814344,23.8222636,Unknown,Unknown,Unknown,1 INGO national and 1 international (Kenyan) wounded along with 3 other health workers (not counted here) in July 9 ambush that killed local health center director (also not counted here).,Archived,Archived
121,2000,7.0,26.0,SO,Somalia,,,,0,2,0.0,0.0,0.0,0,0,0,0,0,0,0,2,2,0,0,2,2,0,0,2,Kidnapping,Unknown,Unknown,8.3676771,49.083416,Political,Non-state armed group: National,Osman Atto Militia,2 INGO international staff kidnapped and held for two months by Osman Atto's militia.,Yes,Official Report
120,2000,7.0,27.0,CO,Colombia,,,,0,1,0.0,0.0,0.0,0,0,0,0,0,0,0,1,1,0,0,1,1,0,0,1,Kidnapping,Unknown,Unknown,2.8930783,-73.7845072,Unknown,Unknown,Unknown,"1 INGO international (French)staff kidnapped, July 27.",Archived,Archived
122,2000,8.0,,AF,Afghanistan,Herat,,,8,0,0.0,0.0,0.0,0,7,1,0,8,0,0,0,0,7,1,0,8,8,0,0,Unknown,Ambush,Road,34.3508273,62.2164003,Political,Unknown,Unknown,7 UN-contracted national staff killed and 1 wounded in ambush near Herat.,Archived,Archived
123,2000,8.0,,CD,DR Congo,Tshopo,Kisangani,Kisangani,1,0,0.0,0.0,0.0,0,0,0,0,0,1,0,0,1,1,0,0,1,0,0,1,Unknown,Unknown,Unknown,0.5184021,25.2057292,Unknown,Unknown,Unknown,1 UN international staff found dead in Kisangani; undetermined motivation.,Archived,Archived
124,2000,8.0,,GE,Georgia,Pankisi,,,0,0,3.0,0.0,0.0,0,0,0,1,1,0,0,2,2,0,0,3,3,1,2,0,Kidnapping,Unknown,Unknown,42.14533005,45.3025268,Unknown,Unknown,Unknown,"2 ICRC international staff (Italian, French) and 1 national staff kidnapped in Pankisi. All released unharmed.",Archived,Archived
125,2000,8.0,27.0,ID,Indonesia,Aceh,South Aceh,,0,3,0.0,0.0,0.0,0,0,3,0,3,0,0,0,0,0,3,0,3,0,0,3,Bodily assault,Detention,Custody,4.14717685,96.13821685,Political,Police or paramilitary,Mobile Brigade Corps (Brimod),"3 INGO national staff working in South Aceh were hospitalised after being tortured by Brimob officers, Aug 27.",Archived,Archived
127,2000,9.0,,GN,Guinea,,,,2,0,0.0,0.0,0.0,0,0,0,0,0,1,0,1,2,1,0,1,2,0,0,2,Kidnapping,Unknown,Unknown,10.7226226,-10.7083587,Unknown,Unknown,Unknown,1 UN international (Togolese) staff killed and 1 international staff (Ivorian) kidnapped.,Archived,Archived
128,2000,9.0,,ID,Indonesia,Aceh,South Aceh,Meukek,0,1,0.0,0.0,0.0,0,0,1,0,1,0,0,0,0,0,1,0,1,0,0,1,Bodily assault,Detention,Custody,3.449,97.1275,Political,Police or paramilitary,Mobile Brigade Corps (Brimod),1 NGO national staff beaten/tortured when detained by members of Brimob in Meukek Sub-district.,Archived,Archived
126,2000,9.0,6.0,ID,Indonesia,,,,3,0,0.0,0.0,0.0,0,0,0,0,0,3,0,0,3,3,0,0,3,3,0,0,Unknown,Mob violence,Unknown,-6.21195,106.845056,Political,Unaffiliated,Not applicable,3 UN internationals killed by mob in W. Timor.,Yes,Official Report
129,2000,11.0,,SD,Sudan,,,,1,0,0.0,0.0,0.0,0,1,0,0,1,0,0,0,0,1,0,0,1,0,0,1,Unknown,Unknown,Unknown,14.5844444,29.4917691,Unknown,Unknown,Unknown,1 UN national staff killed.,Archived,Archived
130,2000,12.0,,GN,Guinea,,,,1,0,0.0,0.0,0.0,0,0,0,1,1,0,0,0,0,0,0,1,1,0,0,1,Kidnapping,Unknown,Unknown,10.7226226,-10.7083587,Unknown,Unknown,Unknown,"1 UN national staff kidnapped and released Jan 22, 2001.",Archived,Archived
131,2000,12.0,,SD,Sudan,,,,0,0,1.0,0.0,0.0,0,1,0,0,1,0,0,0,0,1,0,0,1,0,0,1,Aerial bombardment,Unknown,Unknown,14.5844444,29.4917691,Incidental,State: unknown,Not applicable,1 ICRC national staff killed in aerial bombing.,Archived,Archived
133,2000,12.0,,BI,Burundi,,,,0,1,0.0,0.0,0.0,0,0,0,0,0,1,0,0,1,1,0,0,1,0,0,1,Unknown,Ambush,Road,-3.3634357,29.8870575,Unknown,Unknown,Unknown,1 INGO international (British) staff killed in bus attack.,Archived,Archived
135,2000,12.0,,GN,Guinea,,,,0,1,0.0,0.0,0.0,0,1,0,0,1,0,0,0,0,1,0,0,1,1,0,0,Unknown,Individual attack,Home,10.7226226,-10.7083587,Unknown,Unknown,Unknown,1 INGO national staff killed (along with wife); bodies found in organization's guest house.,Archived,Archived
134,2000,12.0,9.0,ID,Indonesia,,,,0,0,0.0,0.0,3.0,0,3,0,0,3,0,0,0,0,3,0,0,3,0,0,3,Unknown,Detention,Custody,-6.21195,106.845056,Political,Police or paramilitary,Indonesian National Police,3 NGO national staff executed by police Dec 9.,Archived,Archived
132,2000,12.0,20.0,SD,Sudan,,,,0,1,0.0,0.0,1.0,0,2,0,0,2,0,0,0,0,2,0,0,2,0,0,2,Unknown,Ambush,Road,14.5844444,29.4917691,Unknown,Unknown,Unknown,"2 national staff, one from an INGO and one from a national NGO, killed in ambush on Dec 20.",Archived,Archived
137,2001,1.0,9.0,,Chechnya,,,,0,2,0.0,0.0,0.0,0,0,0,0,0,0,1,1,2,0,1,1,2,2,0,0,Kidnapping,Ambush,Road,43.3976147,45.6985005,Political,Unknown,Unknown,"1 INGO international staff kidnapped, Jan 9 and released Feb 4. 1 INGO international staff of another organization wounded when the kidnappers fired on convoy.",Archived,Archived
139,2001,3.0,,SO,Somalia,Banadir,Banadir,Mogadishu,7,3,0.0,0.0,0.0,0,0,0,1,1,0,0,9,9,0,0,10,10,0,0,10,Kidnapping,Raid,Office/compound,2.033333,45.35,Unknown,Unknown,Unknown,"7 UN (6 international, 1 national) staff and 3 INGO international staff held hostage when gunmen stormed and ransacked the INGO's compound in Mogadishu, March 27. Five of the internationals were released within a few days. 2 more international staff (2 UN agencies) were released a few days later.",Archived,Archived
140,2001,3.0,8.0,SD,Sudan,North Kordofan,Soudari,Kiechkuon,0,4,0.0,0.0,0.0,0,0,0,2,2,0,0,2,2,0,0,4,4,0,0,4,Kidnapping,Raid,Project site,14.5844444,29.4917691,Unknown,Non-state armed group: National,Sudan Liberation Movement/Army (SLA/AW),"Two INGO international (Kenyan) and 2 national staff kidnapped when armed rebels attacked village, March 8. The perpetrators were reportedly from the Sudan Liberation Movement, although this was not confirmed.",Archived,Archived
138,2001,3.0,27.0,CD,DR Congo,Kongo-Central,Moanda,Kimpese,1,0,0.0,0.0,0.0,0,1,0,0,1,0,0,0,0,1,0,0,1,1,0,0,Shooting,Ambush,Road,-5.78156,12.63389,Unknown,Unknown,Unknown,"1 UN national staff shot and killed by gunmen in ambush and stole victim's vehicle in Kimpese, March 27.",Archived,Archived
143,2001,4.0,,XK,Kosovo,,,,0,2,0.0,0.0,0.0,0,1,1,0,2,0,0,0,0,1,1,0,2,0,0,2,Aerial bombardment,Unknown,Unknown,42.56231965,20.9060579,Incidental,Unknown,Unknown,"1 INGO national staff killed, 1 wounded when hit by cluster bomb.",Archived,Archived
141,2001,4.0,3.0,BI,Burundi,,,,4,0,0.0,0.0,0.0,0,0,4,0,4,0,0,0,0,0,4,0,4,1,0,3,Unknown,Ambush,Road,-3.3634357,29.8870575,Unknown,Unknown,Unknown,"4 UN national staff wounded when UN vehicles attacked, April 3.",Archived,Archived
144,2001,4.0,18.0,,Chechnya,,,,0,2,0.0,0.0,0.0,0,1,1,0,2,0,0,0,0,1,1,0,2,2,0,0,Shooting,Ambush,Road,43.4,45.716667,Unknown,Unknown,Unknown,"1 NGO national staff killed and 1 national staff wounded after being shot in a car and later died.
",Archived,Archived
142,2001,4.0,26.0,CD,DR Congo,Ituri,Bunia,Bunia (near),0,0,6.0,0.0,0.0,0,4,0,0,4,2,0,0,2,6,0,0,6,4,2,0,Unknown,Ambush,Road,1.5625,30.2484167,Unknown,Unknown,Unknown,"2 ICRC international (Swiss, Colombian) and 4 national staff ambushed and killed near Bunia.",Yes,Official Report
146,2001,5.0,,SD,Sudan,,,,0,0,1.0,0.0,0.0,0,0,0,0,0,1,0,0,1,1,0,0,1,1,0,0,Shelling,Ambush,Road,14.5844444,29.4917691,Unknown,Unknown,Unknown,1 ICRC international (Danish) staff killed when plane downed by projectile fired from unknown origin.,Yes,Focal Point
147,2001,5.0,,CM,Cameroon,Centre,Mfoundi,Yaounde,0,0,0.0,1.0,0.0,0,0,0,0,0,1,0,0,1,1,0,0,1,0,1,0,Bodily assault,Ambush,Road,3.8689867,11.5213344,Unknown,Unknown,Unknown,"1 IFRC international (French) staff killed after being attacked and stabbed in the chest on her way to a pharmacy to get medicine for her baby.
",Archived,Archived
145,2001,5.0,8.0,MG,Madagascar,,,,1,0,0.0,0.0,0.0,0,1,0,0,1,0,0,0,0,1,0,0,1,1,0,0,Shooting,Unknown,Unknown,-18.9249604,46.4416422,Unknown,Unknown,Unknown,"1 UN national staff shot and killed, May 8",Archived,Archived
148,2001,5.0,11.0,BI,Burundi,,,,0,6,0.0,0.0,0.0,0,0,0,6,6,0,0,0,0,0,0,6,6,0,0,6,Kidnapping,Unknown,Project site,-3.3634357,29.8870575,Unknown,Unknown,Unknown,"6 INGO national staff kidnapped when operating mobile clinic, May 11, later released unharmed.",Archived,Archived
149,2001,6.0,,BI,Burundi,,,,0,4,0.0,0.0,0.0,0,1,0,3,4,0,0,0,0,1,0,3,4,0,0,4,Kidnap-killing,Unknown,Unknown,-3.3634357,29.8870575,Unknown,Unknown,Unknown,"1 INGO national staff killed, 3 kidnapped.",Archived,Archived
150,2001,6.0,,TJ,Tajikistan,,,,0,15,0.0,0.0,0.0,0,0,0,9,9,0,0,6,6,0,0,15,15,0,0,15,Kidnapping,Unknown,Unknown,38.6281733,70.8156541,Political,Non-state armed group: Unknown,Not applicable,"6 INGO international staff (4 Germans, 1 US, 1 Russian) and 9 national staff held hostage by militants and later released.",Archived,Archived
153,2001,7.0,,FJ,Fiji,,,,0,0,0.0,1.0,0.0,0,1,0,0,1,0,0,0,0,1,0,0,1,0,0,1,Unknown,Individual attack,Home,-18.1239696,179.0122737,Unknown,Unknown,Unknown,"1 IFRC worker killed at home.
",Archived,Archived
154,2001,7.0,,AO,Angola,,,,0,1,0.0,0.0,0.0,0,0,1,0,1,0,0,0,0,0,1,0,1,1,0,0,Shooting,Individual attack,Home,-11.8775768,17.5691241,Unknown,Host state,Provincial Organization of Volunteers of Civil Defence of Angola (OPVDCA),1 INGO national staff shot and wounded on his home compound when visiting latrine. Civil Defence responsible and arrested.,Archived,Archived
151,2001,7.0,5.0,AO,Angola,Huambo (near),,,1,0,0.0,0.0,0.0,0,1,0,0,1,0,0,0,0,1,0,0,1,1,0,0,Unknown,Ambush,Road,-12.7765392,15.7320468,Unknown,Unknown,Unknown,"1 UN national staff killed in convoy ambush near Huambo, July 5.",Archived,Archived
152,2001,7.0,5.0,CF,Central African Republic,,,,1,0,0.0,0.0,0.0,0,0,0,0,0,1,0,0,1,1,0,0,1,1,0,0,Unknown,Unknown,Unknown,4.361697,18.555978,Unknown,Unknown,Unknown,"1 UN international (French) staff killed in C.A.R., July 5.",Archived,Archived
155,2001,7.0,14.0,SO,Somalia,Banadir,Banadir,Mogadishu (near),8,0,0.0,0.0,0.0,0,6,2,0,8,0,0,0,0,6,2,0,8,0,0,8,Shooting,Ambush,Road,2.03711,45.34375,Political,Non-state armed group: Subnational,Militia,"2 UN national staff wounded and 6 killed when UN relief convoy ambushed by militiamen loyal to warlord Osman Atto near Mogadishu, July 14.",Archived,Archived
156,2001,8.0,,CD,DR Congo,South Kivu,Mwenga,Ruzizi Plain,0,3,0.0,0.0,0.0,0,0,0,2,2,0,0,1,1,0,0,3,3,0,0,3,Kidnapping,Unknown,Unknown,-3.16667,28.25,Unknown,Non-state armed group: Subnational,Mai Mai Militia,"1 INGO international (French) staff and 2 nationals kidnapped by Mai-Mai groups on the Ruzizi Plain in eastern DRC in late August, and held for almost one week, prompting the INGO to temporarily suspend their operations in the Eastern DRC (OFDA rpt).",Archived,Archived
157,2001,9.0,,SD,Sudan,,,,0,1,0.0,0.0,0.0,0,1,0,0,1,0,0,0,0,1,0,0,1,0,0,1,Unknown,Ambush,Unknown,14.5844444,29.4917691,Unknown,Unknown,Unknown,1 INGO national staff killed in ambush.,Archived,Archived
158,2001,9.0,,SO,Somalia,,,,0,1,0.0,0.0,0.0,0,0,0,1,1,0,0,0,0,0,0,1,1,1,0,0,Kidnapping,Ambush,Road,8.3676771,49.083416,Unknown,Unknown,Unknown,1 INGO national staff kidnapped on his way to work.,Archived,Archived
159,2001,9.0,,AO,Angola,,,,0,1,0.0,0.0,0.0,0,0,1,0,1,0,0,0,0,0,1,0,1,0,0,1,Landmine ,Ambush,Road,-11.8775768,17.5691241,Incidental,Unknown,Unknown,One INGO national staff wounded by landmine while fixing hand pump. Resulted in amputation.,Archived,Archived
160,2001,10.0,3.0,ID,Indonesia,Aceh,Bireuen,Bireuen,0,0,0.0,1.0,0.0,0,1,0,0,1,0,0,0,0,1,0,0,1,1,0,0,Shooting,Individual attack,Project site,5.2022128,96.7023788,Political,Unknown,Unknown,"1 IFRC national staff killed with signs of torture in Aceh.
",Archived,Archived
161,2001,11.0,,BI,Burundi,,,,1,0,0.0,0.0,0.0,0,0,0,0,0,1,0,0,1,1,0,0,1,1,0,0,Unknown,Individual attack,Unknown,-3.3634357,29.8870575,Unknown,Unknown,Unknown,1 UN international (Ivoirian) staff killed.,Archived,Archived
162,2001,12.0,,AF,Afghanistan,,,,4,1,0.0,0.0,0.0,0,1,4,0,5,0,0,0,0,1,4,0,5,1,0,4,Shooting,Ambush,Unknown,33.93911,67.709953,Unknown,Unknown,Unknown,"3 UN national staff beaten/wounded; 1 UN (different agency) national staff shot dead, and 1 NGO national staff wounded (broken arm).",Archived,Archived
163,2001,12.0,,AF,Afghanistan,,,,0,1,0.0,0.0,0.0,0,1,0,0,1,0,0,0,0,1,0,0,1,1,0,0,Unknown,Ambush,Unknown,33.93911,67.709953,Unknown,Unknown,Unknown,1 INGO national staff killed.,Archived,Archived
164,2001,12.0,,PK,Pakistan,Khyber Pakhtunkhwa,Buner,"Chaman, Roghani Camp",0,1,0.0,0.0,0.0,0,0,1,0,1,0,0,0,0,0,1,0,1,0,0,1,Bodily assault,Mob violence,Project site,34.45993,72.50237,Unknown,Aid recipient,Not applicable,1 INGO national staff stoned and beaten in dispute over filling a water bladder at Rhogani Camp.,Archived,Archived
210,2002,,,,Chechnya,,,,0,1,0.0,0.0,0.0,0,0,1,0,1,0,0,0,0,0,1,0,1,0,0,1,Aerial bombardment,Ambush,Road,43.4,45.716667,Unknown,State: unknown,Not applicable,"1 INGO national staff shot and wounded from passing helicopter at a crossroad.
",Archived,Archived
211,2002,,,,Chechnya,,,,0,1,0.0,0.0,0.0,0,1,0,0,1,0,0,0,0,1,0,0,1,1,0,0,Shooting,Ambush,Road,43.4,45.716667,Unknown,Unknown,Unknown,"1 INGO national staff killed by gunfire from passing military convoy.
",Archived,Archived
212,2002,,,BI,Burundi,Gitega,Gitega,Gitega,0,0,1.0,0.0,0.0,0,1,0,0,1,0,0,0,0,1,0,0,1,1,0,0,Shooting,Raid,Office/compound,-3.4284953,29.9249718,Economic,Unknown,Unknown,1 ICRC national staff shot and killed during a break-in at ICRC office in Gitega.,Archived,Archived
166,2002,1.0,,AF,Afghanistan,Samangan,Aybak,Aybak,2,0,0.0,0.0,0.0,0,0,2,0,2,0,0,0,0,0,2,0,2,2,0,0,Bodily assault,Ambush,Unknown,36.26468,68.01551,Unknown,Unknown,Unknown,2 UN national staff beaten in ambush in Aibak.,Archived,Archived
167,2002,1.0,25.0,CD,DR Congo,Maniema,Kindu,Kindu-Kalima Road,0,3,0.0,0.0,0.0,0,0,0,3,3,0,0,0,0,0,0,3,3,0,0,3,Kidnapping,Ambush,Road,-2.91667,25.91667,Unknown,Unknown,Unknown,3 INGO national staff kidnapped when vehicle ambushed on Kindu-Kalima road on Jan 25- later released.,Archived,Archived
168,2002,2.0,,SO,Somalia,,,,1,0,0.0,0.0,0.0,0,0,0,1,1,0,0,0,0,0,0,1,1,0,0,1,Kidnapping,Unknown,Unknown,8.3676771,49.083416,Economic,Staff member,Not applicable,1 UN national staff kidnapped and held for 6 days in suspected contractual dispute.,Archived,Archived
169,2002,2.0,,BI,Burundi,,,,1,0,0.0,0.0,0.0,0,0,1,0,1,0,0,0,0,0,1,0,1,0,0,1,Unknown,Ambush,Unknown,-3.3634357,29.8870575,Unknown,Unknown,Unknown,1 UN national staff wounded in ambush.,Archived,Archived
170,2002,2.0,,AF,Afghanistan,Balkh,Mazar-e Sharif,Mazar-e Sharif,1,0,0.0,0.0,0.0,0,0,1,0,1,0,0,0,0,0,1,0,1,1,0,0,Shooting,Raid,Home,36.7,67.116667,Unknown,Unknown,Unknown,1 UN national staff shot and wounded after four armed men raided his house in Mazar-e Sharif.,Archived,Archived
172,2002,2.0,,LR,Liberia,,,,0,1,0.0,0.0,0.0,0,1,0,0,1,0,0,0,0,1,0,0,1,0,0,1,Unknown,Ambush,Road,5.7499721,-9.3658524,Unknown,Unknown,Unknown,1 INGO national staff ambushed and killed.,Archived,Archived
173,2002,2.0,,SD,Sudan,,,,0,1,0.0,0.0,0.0,0,1,0,0,1,0,0,0,0,1,0,0,1,0,0,1,Aerial bombardment,Combat/Crossfire,Unknown,14.5844444,29.4917691,Incidental,State: unknown,Not applicable,1 INGO national staffer killed by aerial bomb.,Archived,Archived
171,2002,2.0,23.0,SO,Somalia,Lower Shabelle,Marka,Marka,0,1,0.0,0.0,0.0,0,0,0,0,0,1,0,0,1,1,0,0,1,0,1,0,Shooting,Individual attack,Home,1.79767,44.90755,Economic,Staff member,Not applicable,"One INGO international (Swiss) shot and killed in residence in Merca, Feb 23. Related to employment dispute.",Archived,Archived
175,2002,3.0,,PS,Occupied Palestinian Territories,,,,0,0,0.0,5.0,0.0,0,1,4,0,5,0,0,0,0,1,4,0,5,0,0,5,Unknown,Combat/Crossfire,Unknown,31.649741,35.162072,Incidental,Unknown,Unknown,"1 IFRC national staff killed and 4 wounded by Israeli army.
",Archived,Archived
174,2002,3.0,7.0,PS,Occupied Palestinian Territories,West Bank,West Bank,Tulkarem,1,0,0.0,0.0,0.0,0,1,0,0,1,0,0,0,0,1,0,0,1,1,0,0,Shooting,Unknown,Unknown,32.31037,35.02863,Unknown,Unknown,Unknown,"1 UN national staff shot and killed in Tulkarem, West Bank, March 7.",Archived,Archived
176,2002,4.0,,AF,Afghanistan,,,,1,0,0.0,0.0,0.0,0,1,0,0,1,0,0,0,0,1,0,0,1,1,0,0,Shooting,Individual attack,Home,33.93911,67.709953,Unknown,Unknown,Unknown,1 UN national staff shot dead in his house.,Archived,Archived
177,2002,4.0,,SO,Somalia,Banadir,Banadir,Mogadishu,1,0,0.0,0.0,0.0,0,0,0,1,1,0,0,0,0,0,0,1,1,0,0,1,Kidnapping,Unknown,Unknown,2.033333,45.35,Economic,Unknown,Unknown,1 UN national staff kidnapped for ransom in Mogadishu and held for 27 days.,Archived,Archived
178,2002,4.0,,SO,Somalia,Banadir,Banadir,"Mogadishu, Medina",1,0,0.0,0.0,0.0,0,1,0,0,1,0,0,0,0,1,0,0,1,0,0,1,Unknown,Combat/Crossfire,Unknown,2.11667,45.4,Incidental,Non-state armed group: Subnational,Muse Sudi & Omar Finish militia groups,1 UN national staff killed in fighting between Muse Sudi and Omar Finish militia groups in Medina.,Archived,Archived
180,2002,4.0,,SO,Somalia,Gedo,Luuq,,0,2,0.0,0.0,0.0,0,2,0,0,2,0,0,0,0,2,0,0,2,0,0,2,Unknown,Individual attack,Office/compound,3.73500005,42.59630291,Incidental,Non-state armed group: Subnational,Clan,"Two INGO national staff were killed in compound in Luuq, apparently related to a clan dispute.",Archived,Archived
179,2002,4.0,8.0,IQ,Iraq,Baghdad,,,1,0,0.0,0.0,0.0,0,1,0,0,1,0,0,0,0,1,0,0,1,1,0,0,Shooting,Unknown,Unknown,33.3024248,44.3787992,Unknown,Unknown,Unknown,"1 UN national staff shot and killed in Baghdad, April 8.",Archived,Archived
181,2002,7.0,,SS,South Sudan,,,,0,4,0.0,0.0,0.0,0,1,0,1,2,0,0,2,2,1,0,3,4,0,0,4,Kidnap-killing,Unknown,Unknown,7.2653861,30.05489,Unknown,Unknown,Unknown,1 INGO national staff killed and 2 internationals and 1 national kidnapped in South.,Archived,Archived
182,2002,7.0,,,Chechnya,,,,0,2,0.0,0.0,0.0,0,0,2,0,2,0,0,0,0,0,2,0,2,0,0,2,Roadside IED,Ambush,Road,43.4,45.716667,Incidental,Unknown,Unknown,"2 INGO national staff seriously injured when vehicle hit by roadside IED.
",Archived,Archived
183,2002,7.0,,,Chechnya,,,,0,1,0.0,0.0,0.0,0,0,0,0,0,0,0,1,1,0,0,1,1,0,1,0,Kidnapping,Unknown,Unknown,43.4,45.716667,Unknown,Unknown,Unknown,"1 INGO international staff kidnapped in July and released Jan 7, 2003.
",Archived,Archived
184,2002,8.0,,ZA,South Africa,,,,1,0,0.0,0.0,0.0,0,1,0,0,1,0,0,0,0,1,0,0,1,0,0,1,Shooting,Individual attack,Unknown,-28.8166236,24.991639,Economic,Unknown,Unknown,1 UN national staff shot and killed in armed robbery.,Archived,Archived
185,2002,8.0,,,Chechnya,Dagestan,,,0,1,0.0,0.0,0.0,0,0,0,0,0,0,0,1,1,0,0,1,1,1,0,0,Kidnapping,Unknown,Unknown,43.0574916,47.1332224,Unknown,Unknown,Unknown,"1 INGO international staff kidnapped in Dagestan, eventually released on ransom from Dutch govt.",Archived,Archived
186,2002,8.0,,UG,Uganda,,,,0,5,0.0,0.0,0.0,0,0,0,5,5,0,0,0,0,0,0,5,5,0,0,5,Kidnapping,Raid,Project site,1.5333554,32.2166578,Unknown,Non-state armed group: Regional,Lord's Resistance Army (LRA),"5 INGO national staff kidnapped after LRA raids refugee camp, later released.",Archived,Archived
187,2002,8.0,,SO,Somalia,Banadir,Banadir,Mogadishu (near),1,0,0.0,0.0,0.0,0,0,0,1,1,0,0,0,0,0,0,1,1,0,0,1,Kidnapping,Ambush,Road,2.03711,45.34375,Unknown,Unknown,Unknown,"1 UN national staff kidnapped en route to work in Mogadishu, held for 6 days.",Archived,Archived
188,2002,8.0,,AO,Angola,,,,0,2,0.0,0.0,0.0,0,0,2,0,2,0,0,0,0,0,2,0,2,0,0,2,Bodily assault,Mob violence,Unknown,-11.8775768,17.5691241,Incidental,Unaffiliated,Not applicable,2 INGO national staff beaten by mob after their car hit and killed a child.,Archived,Archived
189,2002,9.0,,UG,Uganda,,,,1,0,0.0,0.0,0.0,0,1,0,0,1,0,0,0,0,1,0,0,1,1,0,0,Unknown,Ambush,Road,1.5333554,32.2166578,Unknown,Unknown,Unknown,1 UN national staff killed in attack on UN convoy.,Archived,Archived
190,2002,9.0,,CO,Colombia,,,,0,0,0.0,0.0,4.0,0,4,0,0,4,0,0,0,0,4,0,0,4,0,0,4,Unknown,Unknown,Unknown,2.8930783,-73.7845072,Unknown,Unknown,Unknown,4 NGO national staff murdered.,Archived,Archived
191,2002,9.0,,UG,Uganda,,,,0,1,0.0,0.0,0.0,0,1,0,0,1,0,0,0,0,1,0,0,1,1,0,0,Unknown,Ambush,Unknown,1.5333554,32.2166578,Unknown,Unknown,Unknown,1 INGO national staff killed.,Archived,Archived
192,2002,9.0,,BI,Burundi,,,,0,0,0.0,0.0,1.0,0,1,0,0,1,0,0,0,0,1,0,0,1,0,0,1,Unknown,Unknown,Unknown,-3.3634357,29.8870575,Unknown,Unknown,Unknown,1 NGO national staff found murdered.,Archived,Archived
193,2002,9.0,,PS,Occupied Palestinian Territories,,,,0,1,0.0,0.0,0.0,0,0,1,0,1,0,0,0,0,0,1,0,1,0,0,1,Shooting,Individual attack,Project site,31.649741,35.162072,Unknown,Unaffiliated,Not applicable,1 INGO national staff received minor wounds when settlers shot at a team repairing a deliberately vandalized water source.,Archived,Archived
196,2002,10.0,,JO,Jordan,,,,0,0,0.0,0.0,0.0,1,0,0,0,0,1,0,0,1,1,0,0,1,0,0,1,Shooting,Ambush,Road,31.1667049,36.941628,Political,Non-state armed group: Global,Al-Qaeda,"1 donor agency international (US) staff shot and killed entering their car to drive to work. On Dec. 14, the Government of Jordan arrested two men who confessed to the killing and to be members of the al Qaeda terrorist cell.",Archived,Archived
195,2002,10.0,21.0,SD,Sudan,,,,0,1,0.0,0.0,0.0,0,0,1,0,1,0,0,0,0,0,1,0,1,1,0,0,Kidnapping,Unknown,Unknown,14.5844444,29.4917691,Unknown,Non-state armed group: National,Sudan People's Liberation Army (SPLA),"1 INGO staff member held and beaten by SPLA, Oct 21.",Archived,Archived
197,2002,11.0,,AF,Afghanistan,,,,2,0,0.0,0.0,0.0,0,0,2,0,2,0,0,0,0,0,2,0,2,0,0,2,Bodily assault,Unknown,Unknown,33.93911,67.709953,Unknown,Unknown,Unknown,2 UN national staff beaten.,Archived,Archived
200,2002,11.0,,AF,Afghanistan,,,,0,1,0.0,0.0,0.0,0,1,0,0,1,0,0,0,0,1,0,0,1,0,0,1,Shooting,Individual attack,Project site,33.93911,67.709953,Unknown,Unknown,Unknown,1 INGO national staff shot dead on community visit.,Archived,Archived
201,2002,11.0,,JO,Jordan,,,,0,1,0.0,0.0,0.0,0,0,0,0,0,1,0,0,1,1,0,0,1,0,1,0,Shooting,Individual attack,Unknown,31.1667049,36.941628,Unknown,Unknown,Unknown,1 INGO international (US) staff missionary aiding Palestinian refugees shot and killed.,Archived,Archived
203,2002,11.0,,SO,Somalia,Togdheer,Burco,Burco,0,1,0.0,0.0,0.0,0,0,0,0,0,0,1,0,1,0,1,0,1,0,0,1,Shooting,Raid,Office/compound,9.52749,45.537472,Economic,Unknown,Unknown,1 INGO international staff injured during armed robbery of compound in Burao.,Archived,Archived
206,2002,11.0,,,Chechnya,Ingushetia,Nazranovsky,Nazran,0,1,0.0,0.0,0.0,0,0,0,0,0,0,0,1,1,0,0,1,1,1,0,0,Kidnapping,Unknown,Unknown,43.4,45.716667,Unknown,Unknown,Unknown,"1 INGO international staff kidnapped in Nazran and held for 9 days. Ransomed by family.
",Archived,Archived
199,2002,11.0,13.0,,Chechnya,,,,0,0,4.0,0.0,0.0,0,0,0,2,2,0,0,2,2,0,0,4,4,2,0,2,Kidnapping,Unknown,Unknown,43.3976147,45.6985005,Unknown,Unknown,Unknown,"2 ICRC international staff and 2 ICRC national kidnapped Nov 13, released Nov 17.",Archived,Archived
205,2002,11.0,19.0,CD,DR Congo,,,,0,1,0.0,0.0,0.0,0,0,0,1,1,0,0,0,0,0,0,1,1,0,0,1,Kidnapping,Unknown,Unknown,-2.9814344,23.8222636,Unknown,Unknown,Unknown,"1 INGO national staff kidnapped Nov 19, released a day later.",Archived,Archived
198,2002,11.0,22.0,PS,Occupied Palestinian Territories,West Bank,,,1,0,0.0,0.0,0.0,0,0,0,0,0,1,0,0,1,1,0,0,1,1,0,0,Shooting,Combat/Crossfire,Project site,32.0254688,35.2888075,Incidental,Host state,Israel Defense Forces (IDF),"One UN international staff shot and killed at the Jenin refugee camp by Israeli army gunfire, Nov 22.",Archived,Archived
